{"stats":{"minecraft:used":{"minecraft:cobblestone":8,"minecraft:crafting_table":1,"minecraft:stone_pickaxe":18,"minecraft:wooden_pickaxe":5},"minecraft:picked_up":{"minecraft:birch_log":7,"minecraft:stone_pickaxe":1,"minecraft:birch_sapling":2,"minecraft:cobblestone":21},"minecraft:dropped":{"minecraft:stone_pickaxe":1},"minecraft:custom":{"minecraft:time_since_rest":360,"minecraft:crouch_one_cm":410,"minecraft:play_time":17429,"minecraft:sprint_one_cm":36023,"minecraft:deaths":3,"minecraft:damage_taken":886,"minecraft:walk_one_cm":46884,"minecraft:sneak_time":463,"minecraft:walk_under_water_one_cm":11848,"minecraft:drop":1,"minecraft:jump":234,"minecraft:leave_game":2,"minecraft:walk_on_water_one_cm":3960,"minecraft:time_since_death":0,"minecraft:total_world_time":17429,"minecraft:swim_one_cm":1729,"minecraft:interact_with_crafting_table":7,"minecraft:fall_one_cm":7016,"minecraft:fly_one_cm":6634},"minecraft:mined":{"minecraft:birch_log":7,"minecraft:stone":23,"minecraft:birch_leaves":1},"minecraft:killed_by":{"minecraft:skeleton":1,"minecraft:spider":1},"minecraft:crafted":{"minecraft:stone_sword":1,"minecraft:birch_planks":28,"minecraft:stone_axe":1,"minecraft:crafting_table":1,"minecraft:stick":24,"minecraft:wooden_pickaxe":1,"minecraft:stone_pickaxe":1}},"DataVersion":3953}