{"stats":{"minecraft:used":{"minecraft:dirt":1},"minecraft:picked_up":{"minecraft:dirt":1},"minecraft:custom":{"minecraft:jump":177,"minecraft:time_since_rest":5142,"minecraft:walk_on_water_one_cm":148,"minecraft:sprint_one_cm":7590,"minecraft:play_time":5142,"minecraft:damage_taken":220,"minecraft:time_since_death":5142,"minecraft:walk_one_cm":29123,"minecraft:total_world_time":5142,"minecraft:walk_under_water_one_cm":2139,"minecraft:swim_one_cm":355,"minecraft:fall_one_cm":2883,"minecraft:fly_one_cm":7052},"minecraft:mined":{"minecraft:short_grass":3,"minecraft:fern":1,"minecraft:dirt":1}},"DataVersion":3953}