{"stats":{"minecraft:used":{"minecraft:stone_sword":17,"minecraft:dirt":5,"minecraft:crafting_table":2,"minecraft:stone_pickaxe":93,"minecraft:wooden_pickaxe":7},"minecraft:picked_up":{"minecraft:bone":1,"minecraft:arrow":2,"minecraft:oak_log":8,"minecraft:dirt":47,"minecraft:cobblestone":74},"minecraft:killed":{"minecraft:skeleton":1},"minecraft:custom":{"minecraft:time_since_rest":1657,"minecraft:crouch_one_cm":120,"minecraft:walk_one_cm":90711,"minecraft:play_time":21034,"minecraft:sprint_one_cm":42710,"minecraft:damage_taken":570,"minecraft:deaths":2,"minecraft:sneak_time":33,"minecraft:walk_under_water_one_cm":3390,"minecraft:mob_kills":1,"minecraft:jump":449,"minecraft:damage_dealt":407,"minecraft:leave_game":1,"minecraft:time_since_death":1588,"minecraft:walk_on_water_one_cm":561,"minecraft:total_world_time":21034,"minecraft:interact_with_crafting_table":5,"minecraft:swim_one_cm":3100,"minecraft:fly_one_cm":32225,"minecraft:fall_one_cm":5708},"minecraft:mined":{"minecraft:short_grass":3,"minecraft:grass_block":9,"minecraft:oak_log":8,"minecraft:dirt":39,"minecraft:stone":74,"minecraft:oak_leaves":14,"minecraft:fern":1},"minecraft:killed_by":{"minecraft:zombie":1,"minecraft:drowned":1},"minecraft:crafted":{"minecraft:stone_sword":1,"minecraft:oak_planks":16,"minecraft:crafting_table":2,"minecraft:stick":8,"minecraft:stone_pickaxe":1,"minecraft:wooden_pickaxe":1}},"DataVersion":3953}