{"stats":{"minecraft:used":{"minecraft:diorite":6,"minecraft:stone_sword":8,"minecraft:stone_pickaxe":131,"minecraft:oak_planks":2,"minecraft:wooden_pickaxe":5,"minecraft:cooked_salmon":2,"minecraft:iron_chestplate":1,"minecraft:salmon":1,"minecraft:dirt":1,"minecraft:crafting_table":3,"minecraft:granite":1,"minecraft:smoker":1,"minecraft:iron_pickaxe":253,"minecraft:iron_helmet":1,"minecraft:iron_boots":1,"minecraft:gravel":2,"minecraft:stone_axe":25,"minecraft:cobblestone":9,"minecraft:furnace":2,"minecraft:andesite":2,"minecraft:oak_boat":1},"minecraft:picked_up":{"minecraft:stripped_oak_log":1,"minecraft:birch_log":5,"minecraft:crafting_table":1,"minecraft:andesite":33,"minecraft:salmon":10,"minecraft:smoker":1,"minecraft:oak_log":12,"minecraft:dirt":1,"minecraft:cooked_salmon":1,"minecraft:iron_ingot":2,"minecraft:oak_boat":1,"minecraft:furnace":2,"minecraft:raw_iron":59,"minecraft:gravel":2,"minecraft:diorite":6,"minecraft:redstone":17,"minecraft:diamond":2,"minecraft:granite":1,"minecraft:bone_meal":1,"minecraft:oak_sapling":2,"minecraft:coal":63,"minecraft:cobblestone":271},"minecraft:killed":{"minecraft:salmon":6},"minecraft:custom":{"minecraft:interact_with_furnace":12,"minecraft:mob_kills":6,"minecraft:interact_with_crafting_table":19,"minecraft:leave_game":2,"minecraft:time_since_death":37155,"minecraft:time_since_rest":37155,"minecraft:sprint_one_cm":34206,"minecraft:damage_taken":80,"minecraft:walk_one_cm":64795,"minecraft:damage_dealt":230,"minecraft:swim_one_cm":9883,"minecraft:fly_one_cm":19249,"minecraft:crouch_one_cm":372,"minecraft:play_time":37155,"minecraft:sneak_time":399,"minecraft:walk_under_water_one_cm":14350,"minecraft:boat_one_cm":17118,"minecraft:jump":461,"minecraft:walk_on_water_one_cm":9064,"minecraft:interact_with_smoker":2,"minecraft:total_world_time":37155,"minecraft:fall_one_cm":4105},"minecraft:mined":{"minecraft:diamond_ore":2,"minecraft:smoker":1,"minecraft:crafting_table":1,"minecraft:granite":1,"minecraft:cobblestone":1,"minecraft:diorite":6,"minecraft:redstone_ore":4,"minecraft:furnace":2,"minecraft:birch_log":5,"minecraft:iron_ore":43,"minecraft:andesite":33,"minecraft:birch_leaves":13,"minecraft:coal_ore":21,"minecraft:oak_log":12,"minecraft:deepslate_iron_ore":3,"minecraft:gravel":2,"minecraft:stripped_oak_log":1,"minecraft:stone":270,"minecraft:oak_leaves":10},"minecraft:crafted":{"minecraft:oak_planks":36,"minecraft:crafting_table":2,"minecraft:wooden_pickaxe":1,"minecraft:iron_helmet":1,"minecraft:furnace":1,"minecraft:cooked_salmon":4,"minecraft:birch_planks":20,"minecraft:stone_axe":1,"minecraft:air":0,"minecraft:oak_boat":1,"minecraft:iron_boots":1,"minecraft:iron_chestplate":1,"minecraft:shield":1,"minecraft:stick":24,"minecraft:iron_ingot":31,"minecraft:iron_pickaxe":2,"minecraft:stone_pickaxe":1,"minecraft:stone_sword":1,"minecraft:iron_leggings":1,"minecraft:smoker":1},"minecraft:broken":{"minecraft:stone_pickaxe":1,"minecraft:iron_pickaxe":1}},"DataVersion":3953}