{"stats":{"minecraft:used":{"minecraft:stone_axe":10,"minecraft:dirt":1,"minecraft:crafting_table":1,"minecraft:furnace":1,"minecraft:stone_pickaxe":130,"minecraft:andesite":2,"minecraft:wooden_pickaxe":5},"minecraft:picked_up":{"minecraft:birch_log":5,"minecraft:raw_iron":9,"minecraft:andesite":23,"minecraft:oak_log":8,"minecraft:coal":21,"minecraft:dirt":1,"minecraft:cobblestone":82,"minecraft:stripped_oak_log":1},"minecraft:custom":{"minecraft:time_since_rest":16428,"minecraft:crouch_one_cm":47,"minecraft:interact_with_furnace":3,"minecraft:play_time":16428,"minecraft:sprint_one_cm":3395,"minecraft:walk_one_cm":20774,"minecraft:sneak_time":66,"minecraft:jump":126,"minecraft:leave_game":1,"minecraft:time_since_death":16428,"minecraft:total_world_time":16428,"minecraft:interact_with_crafting_table":6,"minecraft:fall_one_cm":807,"minecraft:fly_one_cm":1931},"minecraft:mined":{"minecraft:coal_ore":21,"minecraft:oak_log":8,"minecraft:stripped_oak_log":1,"minecraft:iron_ore":9,"minecraft:birch_log":5,"minecraft:andesite":23,"minecraft:stone":82,"minecraft:birch_leaves":12},"minecraft:crafted":{"minecraft:stone_sword":1,"minecraft:furnace":1,"minecraft:oak_planks":36,"minecraft:birch_planks":20,"minecraft:stone_axe":1,"minecraft:crafting_table":1,"minecraft:stick":8,"minecraft:air":0,"minecraft:iron_ingot":4,"minecraft:stone_pickaxe":1,"minecraft:wooden_pickaxe":1}},"DataVersion":3953}