{"stats":{"minecraft:used":{"minecraft:diorite":6,"minecraft:stone_pickaxe":131,"minecraft:oak_planks":2,"minecraft:iron_pickaxe":250,"minecraft:wooden_pickaxe":5,"minecraft:gravel":2,"minecraft:stone_axe":10,"minecraft:dirt":1,"minecraft:cobblestone":9,"minecraft:crafting_table":1,"minecraft:furnace":1,"minecraft:andesite":2,"minecraft:granite":1},"minecraft:picked_up":{"minecraft:birch_log":5,"minecraft:raw_iron":46,"minecraft:andesite":33,"minecraft:gravel":2,"minecraft:oak_log":8,"minecraft:diorite":6,"minecraft:redstone":17,"minecraft:dirt":1,"minecraft:diamond":2,"minecraft:granite":1,"minecraft:coal":21,"minecraft:cobblestone":271,"minecraft:stripped_oak_log":1},"minecraft:custom":{"minecraft:time_since_rest":28428,"minecraft:interact_with_furnace":6,"minecraft:sprint_one_cm":10841,"minecraft:damage_taken":20,"minecraft:walk_one_cm":54163,"minecraft:swim_one_cm":1813,"minecraft:interact_with_crafting_table":8,"minecraft:fly_one_cm":3718,"minecraft:crouch_one_cm":372,"minecraft:play_time":28428,"minecraft:sneak_time":284,"minecraft:walk_under_water_one_cm":3188,"minecraft:jump":312,"minecraft:leave_game":1,"minecraft:walk_on_water_one_cm":6330,"minecraft:time_since_death":28428,"minecraft:total_world_time":28428,"minecraft:fall_one_cm":1477},"minecraft:mined":{"minecraft:diamond_ore":2,"minecraft:redstone_ore":4,"minecraft:birch_log":5,"minecraft:iron_ore":43,"minecraft:birch_leaves":12,"minecraft:andesite":33,"minecraft:granite":1,"minecraft:oak_log":8,"minecraft:coal_ore":21,"minecraft:deepslate_iron_ore":3,"minecraft:gravel":2,"minecraft:stripped_oak_log":1,"minecraft:cobblestone":1,"minecraft:stone":270,"minecraft:diorite":6},"minecraft:crafted":{"minecraft:oak_planks":36,"minecraft:crafting_table":1,"minecraft:stick":24,"minecraft:wooden_pickaxe":1,"minecraft:iron_ingot":18,"minecraft:iron_pickaxe":1,"minecraft:stone_pickaxe":1,"minecraft:stone_sword":1,"minecraft:furnace":1,"minecraft:birch_planks":20,"minecraft:stone_axe":1,"minecraft:air":0},"minecraft:broken":{"minecraft:stone_pickaxe":1,"minecraft:iron_pickaxe":1}},"DataVersion":3953}