{"stats":{"minecraft:picked_up":{"minecraft:oak_log":3},"minecraft:killed":{"minecraft:zombie":1},"minecraft:custom":{"minecraft:jump":33,"minecraft:time_since_rest":228,"minecraft:leave_game":1,"minecraft:deaths":1,"minecraft:damage_dealt":196,"minecraft:damage_taken":270,"minecraft:sprint_one_cm":3548,"minecraft:play_time":1804,"minecraft:time_since_death":0,"minecraft:walk_one_cm":4139,"minecraft:total_world_time":1804,"minecraft:mob_kills":1,"minecraft:interact_with_crafting_table":1,"minecraft:fall_one_cm":1163,"minecraft:fly_one_cm":3906},"minecraft:mined":{"minecraft:oak_log":3},"minecraft:killed_by":{"minecraft:zombie":1}},"DataVersion":3953}