{"stats":{"minecraft:killed_by":{"minecraft:zombie":5},"minecraft:used":{"minecraft:stone_pickaxe":38,"minecraft:stone_axe":1,"minecraft:torch":1,"minecraft:dirt":1,"minecraft:crafting_table":1},"minecraft:mined":{"minecraft:birch_log":7,"minecraft:birch_leaves":7,"minecraft:crafting_table":1,"minecraft:short_grass":1,"minecraft:oak_log":3,"minecraft:coal_ore":7,"minecraft:stone":25,"minecraft:diorite":6,"minecraft:oak_leaves":3},"minecraft:custom":{"minecraft:time_since_rest":9634,"minecraft:sprint_one_cm":1229,"minecraft:damage_taken":1389,"minecraft:walk_one_cm":38458,"minecraft:mob_kills":4,"minecraft:damage_dealt":792,"minecraft:interact_with_crafting_table":2,"minecraft:fly_one_cm":1224,"minecraft:crouch_one_cm":260,"minecraft:play_time":17533,"minecraft:deaths":5,"minecraft:sneak_time":83,"minecraft:jump":134,"minecraft:leave_game":2,"minecraft:time_since_death":9605,"minecraft:total_world_time":17533,"minecraft:fall_one_cm":1448},"minecraft:picked_up":{"minecraft:birch_log":7,"minecraft:crafting_table":1,"minecraft:oak_log":3,"minecraft:diorite":6,"minecraft:dirt":1,"minecraft:rotten_flesh":1,"minecraft:oak_sapling":2,"minecraft:coal":7,"minecraft:cobblestone":43},"minecraft:crafted":{"minecraft:crafting_table":1,"minecraft:stick":16,"minecraft:stone_pickaxe":2,"minecraft:torch":8,"minecraft:birch_planks":28,"minecraft:stone_axe":1},"minecraft:killed":{"minecraft:zombie":3,"minecraft:zombie_villager":1}},"DataVersion":3953}