{"stats":{"minecraft:used":{"minecraft:stone_shovel":39,"minecraft:wooden_pickaxe":17,"minecraft:stone_axe":36,"minecraft:dirt":11,"minecraft:crafting_table":1,"minecraft:furnace":1,"minecraft:snowball":9},"minecraft:picked_up":{"minecraft:feather":3,"minecraft:chicken":9,"minecraft:leather":8,"minecraft:oak_log":10,"minecraft:dirt":18,"minecraft:beef":16,"minecraft:snowball":97,"minecraft:black_wool":1,"minecraft:mutton":4,"minecraft:birch_sapling":1,"minecraft:oak_planks":6,"minecraft:furnace":1,"minecraft:white_wool":2,"minecraft:cobblestone":15,"minecraft:egg":3},"minecraft:killed":{"minecraft:sheep":3,"minecraft:chicken":5,"minecraft:cow":7},"minecraft:custom":{"minecraft:time_since_rest":19027,"minecraft:interact_with_furnace":3,"minecraft:sprint_one_cm":2620,"minecraft:damage_taken":270,"minecraft:walk_one_cm":133486,"minecraft:mob_kills":15,"minecraft:damage_dealt":1140,"minecraft:interact_with_crafting_table":5,"minecraft:fly_one_cm":1761,"minecraft:crouch_one_cm":136,"minecraft:play_time":19827,"minecraft:deaths":1,"minecraft:sneak_time":106,"minecraft:jump":307,"minecraft:leave_game":1,"minecraft:time_since_death":18748,"minecraft:total_world_time":19827,"minecraft:fall_one_cm":1850},"minecraft:mined":{"minecraft:furnace":1,"minecraft:snow":14,"minecraft:snow_block":25,"minecraft:short_grass":2,"minecraft:grass_block":13,"minecraft:oak_log":10,"minecraft:dirt":5,"minecraft:spruce_leaves":1,"minecraft:stone":16,"minecraft:oak_leaves":5},"minecraft:killed_by":{"minecraft:zombie":1},"minecraft:crafted":{"minecraft:oak_planks":16,"minecraft:stone_shovel":1,"minecraft:crafting_table":1,"minecraft:stick":8,"minecraft:wooden_pickaxe":1,"minecraft:cooked_chicken":1,"minecraft:furnace":1,"minecraft:stone_axe":1}},"DataVersion":3953}