{"stats":{"minecraft:dropped":{"minecraft:stone_axe":1},"minecraft:broken":{"minecraft:stone_pickaxe":1},"minecraft:used":{"minecraft:stone_pickaxe":199,"minecraft:wooden_pickaxe":44,"minecraft:stone_axe":25,"minecraft:torch":8,"minecraft:dirt":6,"minecraft:crafting_table":2},"minecraft:mined":{"minecraft:birch_log":10,"minecraft:granite":26,"minecraft:coal_ore":35,"minecraft:oak_log":23,"minecraft:grass_block":8,"minecraft:dirt":14,"minecraft:stone":159,"minecraft:oak_leaves":22,"minecraft:wall_torch":1},"minecraft:custom":{"minecraft:time_since_rest":31332,"minecraft:sprint_one_cm":8254,"minecraft:walk_one_cm":104000,"minecraft:drop":1,"minecraft:interact_with_crafting_table":8,"minecraft:fly_one_cm":4052,"minecraft:crouch_one_cm":77,"minecraft:play_time":31332,"minecraft:sneak_time":55,"minecraft:jump":207,"minecraft:leave_game":1,"minecraft:time_since_death":31332,"minecraft:total_world_time":31332,"minecraft:fall_one_cm":2115},"minecraft:picked_up":{"minecraft:birch_log":10,"minecraft:stick":4,"minecraft:torch":1,"minecraft:oak_log":23,"minecraft:dirt":22,"minecraft:stone_axe":1,"minecraft:granite":26,"minecraft:oak_sapling":2,"minecraft:birch_sapling":1,"minecraft:coal":35,"minecraft:cobblestone":158},"minecraft:crafted":{"minecraft:oak_planks":92,"minecraft:crafting_table":2,"minecraft:stick":12,"minecraft:wooden_pickaxe":1,"minecraft:stone_pickaxe":2,"minecraft:torch":12,"minecraft:stone_axe":1}},"DataVersion":3953}