{"stats":{"minecraft:crafted":{"minecraft:oak_planks":92,"minecraft:crafting_table":4,"minecraft:stick":16,"minecraft:wooden_pickaxe":1,"minecraft:stone_pickaxe":5,"minecraft:torch":16,"minecraft:stone_axe":1},"minecraft:custom":{"minecraft:time_since_rest":59728,"minecraft:sprint_one_cm":8499,"minecraft:walk_one_cm":199633,"minecraft:drop":1,"minecraft:damage_dealt":30,"minecraft:interact_with_crafting_table":26,"minecraft:fly_one_cm":4105,"minecraft:crouch_one_cm":77,"minecraft:play_time":59728,"minecraft:sneak_time":55,"minecraft:jump":295,"minecraft:leave_game":4,"minecraft:time_since_death":59728,"minecraft:total_world_time":59728,"minecraft:fall_one_cm":2591},"minecraft:mined":{"minecraft:birch_log":10,"minecraft:iron_ore":5,"minecraft:granite":57,"minecraft:oak_log":23,"minecraft:grass_block":8,"minecraft:coal_ore":89,"minecraft:gravel":9,"minecraft:dirt":18,"minecraft:stone":350,"minecraft:diorite":54,"minecraft:oak_leaves":22,"minecraft:wall_torch":1},"minecraft:picked_up":{"minecraft:birch_log":10,"minecraft:stick":4,"minecraft:raw_iron":5,"minecraft:torch":1,"minecraft:gravel":8,"minecraft:flint":1,"minecraft:oak_log":23,"minecraft:diorite":54,"minecraft:dirt":26,"minecraft:stone_axe":1,"minecraft:granite":57,"minecraft:oak_sapling":2,"minecraft:birch_sapling":1,"minecraft:coal":89,"minecraft:cobblestone":350},"minecraft:dropped":{"minecraft:stone_axe":1},"minecraft:broken":{"minecraft:stone_pickaxe":4},"minecraft:used":{"minecraft:stone_pickaxe":548,"minecraft:wooden_pickaxe":44,"minecraft:torch":15,"minecraft:stone_axe":25,"minecraft:dirt":6,"minecraft:crafting_table":4}},"DataVersion":3953}