{"stats":{"minecraft:dropped":{"minecraft:stone_axe":1},"minecraft:broken":{"minecraft:stone_pickaxe":1},"minecraft:used":{"minecraft:torch":7,"minecraft:dirt":6,"minecraft:crafting_table":2,"minecraft:stone_pickaxe":131,"minecraft:wooden_pickaxe":44},"minecraft:custom":{"minecraft:time_since_rest":19332,"minecraft:play_time":19332,"minecraft:crouch_one_cm":4,"minecraft:sprint_one_cm":6625,"minecraft:walk_one_cm":59580,"minecraft:sneak_time":40,"minecraft:drop":1,"minecraft:jump":129,"minecraft:leave_game":1,"minecraft:time_since_death":19332,"minecraft:total_world_time":19332,"minecraft:interact_with_crafting_table":3,"minecraft:fly_one_cm":4025,"minecraft:fall_one_cm":1070},"minecraft:mined":{"minecraft:granite":9,"minecraft:grass_block":8,"minecraft:oak_log":4,"minecraft:coal_ore":34,"minecraft:dirt":14,"minecraft:stone":109,"minecraft:oak_leaves":14,"minecraft:wall_torch":1},"minecraft:picked_up":{"minecraft:stick":1,"minecraft:stone_axe":1,"minecraft:torch":1,"minecraft:granite":9,"minecraft:oak_log":4,"minecraft:oak_sapling":1,"minecraft:coal":34,"minecraft:dirt":22,"minecraft:cobblestone":109},"minecraft:crafted":{"minecraft:oak_planks":16,"minecraft:torch":12,"minecraft:stone_axe":1,"minecraft:crafting_table":2,"minecraft:stick":8,"minecraft:wooden_pickaxe":1,"minecraft:stone_pickaxe":1}},"DataVersion":3953}