{"stats":{"minecraft:custom":{"minecraft:time_since_rest":11282,"minecraft:crouch_one_cm":4,"minecraft:play_time":11282,"minecraft:sprint_one_cm":6625,"minecraft:walk_one_cm":42076,"minecraft:sneak_time":40,"minecraft:drop":1,"minecraft:jump":123,"minecraft:time_since_death":11282,"minecraft:total_world_time":11282,"minecraft:interact_with_crafting_table":2,"minecraft:fall_one_cm":803,"minecraft:fly_one_cm":3999},"minecraft:crafted":{"minecraft:oak_planks":16,"minecraft:torch":12,"minecraft:stone_axe":1,"minecraft:crafting_table":1,"minecraft:stick":8,"minecraft:stone_pickaxe":1,"minecraft:wooden_pickaxe":1},"minecraft:mined":{"minecraft:coal_ore":15,"minecraft:grass_block":8,"minecraft:oak_log":4,"minecraft:dirt":14,"minecraft:stone":70,"minecraft:wall_torch":1,"minecraft:oak_leaves":14},"minecraft:dropped":{"minecraft:stone_axe":1},"minecraft:used":{"minecraft:torch":4,"minecraft:dirt":6,"minecraft:crafting_table":1,"minecraft:stone_pickaxe":64,"minecraft:wooden_pickaxe":44},"minecraft:picked_up":{"minecraft:stick":1,"minecraft:stone_axe":1,"minecraft:torch":1,"minecraft:oak_log":4,"minecraft:oak_sapling":1,"minecraft:coal":15,"minecraft:dirt":22,"minecraft:cobblestone":70}},"DataVersion":3953}