{"stats":{"minecraft:used":{"minecraft:wooden_pickaxe":8,"minecraft:crafting_table":1},"minecraft:picked_up":{"minecraft:oak_log":6,"minecraft:cobblestone":8},"minecraft:custom":{"minecraft:jump":33,"minecraft:time_since_rest":2392,"minecraft:leave_game":1,"minecraft:walk_on_water_one_cm":194,"minecraft:sprint_one_cm":2588,"minecraft:play_time":2392,"minecraft:time_since_death":2392,"minecraft:walk_one_cm":4015,"minecraft:sneak_time":4,"minecraft:total_world_time":2392,"minecraft:interact_with_crafting_table":1,"minecraft:fall_one_cm":1370,"minecraft:fly_one_cm":5872},"minecraft:mined":{"minecraft:stone":8,"minecraft:oak_log":6},"minecraft:crafted":{"minecraft:crafting_table":1,"minecraft:oak_planks":24,"minecraft:stick":4,"minecraft:wooden_pickaxe":1}},"DataVersion":3953}